<?xml version="1.0" encoding="UTF-8"?>
<project-private xmlns="http://www.netbeans.org/ns/project-private/1">
    <editor-bookmarks xmlns="http://www.netbeans.org/ns/editor-bookmarks/2" lastBookmarkId="0"/>
    <open-files xmlns="http://www.netbeans.org/ns/projectui-open-files/2">
        <group>
            <file>file:/D:/Kuliah/4.%20Sem%204/3.%20Prak%20PBO/GG_Bang/src/view/ViewAdmin.java</file>
            <file>file:/D:/Kuliah/4.%20Sem%204/3.%20Prak%20PBO/GG_Bang/src/model/ModelUser.java</file>
            <file>file:/D:/Kuliah/4.%20Sem%204/3.%20Prak%20PBO/GG_Bang/src/view/ViewUser.java</file>
            <file>file:/D:/Kuliah/4.%20Sem%204/3.%20Prak%20PBO/GG_Bang/src/model/ModelLogin.java</file>
            <file>file:/D:/Kuliah/4.%20Sem%204/3.%20Prak%20PBO/GG_Bang/src/view/ViewTransaksi.java</file>
            <file>file:/D:/Kuliah/4.%20Sem%204/3.%20Prak%20PBO/GG_Bang/src/controller/LoginKontrol.java</file>
            <file>file:/D:/Kuliah/4.%20Sem%204/3.%20Prak%20PBO/GG_Bang/src/controller/user/UserKontrol.java</file>
            <file>file:/D:/Kuliah/4.%20Sem%204/3.%20Prak%20PBO/GG_Bang/src/view/Login.java</file>
            <file>file:/D:/Kuliah/4.%20Sem%204/3.%20Prak%20PBO/GG_Bang/src/controller/admin/AdminKontrol.java</file>
            <file>file:/D:/Kuliah/4.%20Sem%204/3.%20Prak%20PBO/GG_Bang/src/main/Main.java</file>
            <file>file:/D:/Kuliah/4.%20Sem%204/3.%20Prak%20PBO/GG_Bang/src/model/ModelAdmin.java</file>
            <file>file:/D:/Kuliah/4.%20Sem%204/3.%20Prak%20PBO/GG_Bang/src/model/Konektor.java</file>
            <file>file:/D:/Kuliah/4.%20Sem%204/3.%20Prak%20PBO/GG_Bang/src/model/ModelTransaksi.java</file>
            <file>file:/D:/Kuliah/4.%20Sem%204/3.%20Prak%20PBO/GG_Bang/src/controller/admin/TransaksiKontrol.java</file>
        </group>
    </open-files>
</project-private>
